name,R_J,M_J,a_AU,hostStar
WASP-49b,1.198,0.399,0.03873,WASP49a
HD189733b,1.138,1.138,0.0312,HD189733a
55-Cancri-e,0.1737,0.02703,0.01544,Cancri55a
WASP-39b,1.27,0.28,0.0486,WASP39a
KELT-20b,1.741,3.372,0.0542,KELT20
KELT-9b,1.783,2.44,0.03462,KELT9